{
  "id": "2084367",
  "name": "去哪儿旅行移动端",
  "font_family": "iconfont",
  "css_prefix_text": "icon-",
  "description": "",
  "glyphs": [
    {
      "icon_id": "8531955",
      "name": "菜单",
      "font_class": "caidan",
      "unicode": "e620",
      "unicode_decimal": 58912
    },
    {
      "icon_id": "15612704",
      "name": "双返回2",
      "font_class": "shuangfanhui2",
      "unicode": "e6bb",
      "unicode_decimal": 59067
    },
    {
      "icon_id": "10549743",
      "name": "向下",
      "font_class": "up",
      "unicode": "e60a",
      "unicode_decimal": 58890
    },
    {
      "icon_id": "12664225",
      "name": "骆驼",
      "font_class": "luotuo",
      "unicode": "e609",
      "unicode_decimal": 58889
    },
    {
      "icon_id": "8817399",
      "name": "关  闭",
      "font_class": "guanbi",
      "unicode": "e607",
      "unicode_decimal": 58887
    },
    {
      "icon_id": "5169069",
      "name": "定位",
      "font_class": "location",
      "unicode": "e606",
      "unicode_decimal": 58886
    },
    {
      "icon_id": "95259",
      "name": "刀叉",
      "font_class": "daocha",
      "unicode": "e608",
      "unicode_decimal": 58888
    },
    {
      "icon_id": "754230",
      "name": "飞机",
      "font_class": "feiji-back",
      "unicode": "e603",
      "unicode_decimal": 58883
    },
    {
      "icon_id": "828083",
      "name": "对",
      "font_class": "unie610",
      "unicode": "e65a",
      "unicode_decimal": 58970
    },
    {
      "icon_id": "3761398",
      "name": "填写",
      "font_class": "tianxie",
      "unicode": "e713",
      "unicode_decimal": 59155
    },
    {
      "icon_id": "6708326",
      "name": "往上",
      "font_class": "wangshang",
      "unicode": "e889",
      "unicode_decimal": 59529
    },
    {
      "icon_id": "7129686",
      "name": "店铺",
      "font_class": "dianpu",
      "unicode": "e65e",
      "unicode_decimal": 58974
    },
    {
      "icon_id": "7735051",
      "name": "手机对号",
      "font_class": "shoujiduihao",
      "unicode": "e61f",
      "unicode_decimal": 58911
    },
    {
      "icon_id": "9188315",
      "name": "飞机",
      "font_class": "feiji",
      "unicode": "e639",
      "unicode_decimal": 58937
    },
    {
      "icon_id": "10439856",
      "name": "电 话",
      "font_class": "dianhua",
      "unicode": "e724",
      "unicode_decimal": 59172
    },
    {
      "icon_id": "14393770",
      "name": "客服",
      "font_class": "kefu",
      "unicode": "e61e",
      "unicode_decimal": 58910
    },
    {
      "icon_id": "14962292",
      "name": "沙滩 椰子树 旅游 风景 线性",
      "font_class": "shatanyezishulvyoufengjingxianxing",
      "unicode": "e71d",
      "unicode_decimal": 59165
    },
    {
      "icon_id": "15022539",
      "name": "购物车",
      "font_class": "gouwuche",
      "unicode": "e604",
      "unicode_decimal": 58884
    },
    {
      "icon_id": "1256852",
      "name": "太和殿",
      "font_class": "01",
      "unicode": "e601",
      "unicode_decimal": 58881
    },
    {
      "icon_id": "2051572",
      "name": "旗帜",
      "font_class": "qizhi",
      "unicode": "e628",
      "unicode_decimal": 58920
    },
    {
      "icon_id": "4251734",
      "name": "火车",
      "font_class": "huoche",
      "unicode": "e642",
      "unicode_decimal": 58946
    },
    {
      "icon_id": "6407061",
      "name": " 酒店",
      "font_class": "more01-company",
      "unicode": "e602",
      "unicode_decimal": 58882
    },
    {
      "icon_id": "4076629",
      "name": "对",
      "font_class": "dui",
      "unicode": "e643",
      "unicode_decimal": 58947
    },
    {
      "icon_id": "1214775",
      "name": "图片",
      "font_class": "tupian",
      "unicode": "e73f",
      "unicode_decimal": 59199
    },
    {
      "icon_id": "748891",
      "name": "更多",
      "font_class": "gengduo",
      "unicode": "e63e",
      "unicode_decimal": 58942
    },
    {
      "icon_id": "12755343",
      "name": "心 爱心 - 副本",
      "font_class": "xinaixin-fuben",
      "unicode": "e625",
      "unicode_decimal": 58917
    },
    {
      "icon_id": "3214553",
      "name": "下一个",
      "font_class": "next",
      "unicode": "e61c",
      "unicode_decimal": 58908
    },
    {
      "icon_id": "775246",
      "name": "钱包",
      "font_class": "qianbao",
      "unicode": "e62f",
      "unicode_decimal": 58927
    },
    {
      "icon_id": "1991303",
      "name": "信息",
      "font_class": "message",
      "unicode": "e6cd",
      "unicode_decimal": 59085
    },
    {
      "icon_id": "4552969",
      "name": "发票",
      "font_class": "fapiao",
      "unicode": "e908",
      "unicode_decimal": 59656
    },
    {
      "icon_id": "9604018",
      "name": "注意",
      "font_class": "zhuyi",
      "unicode": "e648",
      "unicode_decimal": 58952
    },
    {
      "icon_id": "11317600",
      "name": "退款",
      "font_class": "tuikuan",
      "unicode": "e618",
      "unicode_decimal": 58904
    },
    {
      "icon_id": "13753015",
      "name": "笔记本",
      "font_class": "bijiben",
      "unicode": "e60f",
      "unicode_decimal": 58895
    },
    {
      "icon_id": "14647909",
      "name": "书本",
      "font_class": "shuben",
      "unicode": "e76b",
      "unicode_decimal": 59243
    },
    {
      "icon_id": "98966",
      "name": "火箭",
      "font_class": "icon",
      "unicode": "e62a",
      "unicode_decimal": 58922
    },
    {
      "icon_id": "10016484",
      "name": "关  闭",
      "font_class": "guanbi-",
      "unicode": "e624",
      "unicode_decimal": 58916
    },
    {
      "icon_id": "10400308",
      "name": "返 回",
      "font_class": "fanhui",
      "unicode": "e600",
      "unicode_decimal": 58880
    },
    {
      "icon_id": "2082465",
      "name": "圆",
      "font_class": "yuan1",
      "unicode": "e659",
      "unicode_decimal": 58969
    },
    {
      "icon_id": "1376102",
      "name": "手提包",
      "font_class": "shoutibao",
      "unicode": "e8e9",
      "unicode_decimal": 59625
    },
    {
      "icon_id": "5948646",
      "name": "圆",
      "font_class": "yuan",
      "unicode": "e605",
      "unicode_decimal": 58885
    },
    {
      "icon_id": "11391866",
      "name": "耳机",
      "font_class": "erji",
      "unicode": "e623",
      "unicode_decimal": 58915
    },
    {
      "icon_id": "13173427",
      "name": "小熊",
      "font_class": "xiaoxiong",
      "unicode": "e616",
      "unicode_decimal": 58902
    },
    {
      "icon_id": "3315126",
      "name": "搜索",
      "font_class": "sousuo",
      "unicode": "e612",
      "unicode_decimal": 58898
    }
  ]
}
