{
  "id": "2091587",
  "name": "dl",
  "font_family": "iconfont",
  "css_prefix_text": "icon-",
  "description": "",
  "glyphs": [
    {
      "icon_id": "657090",
      "name": "苹果",
      "font_class": "iconpingguo01",
      "unicode": "e64d",
      "unicode_decimal": 58957
    },
    {
      "icon_id": "4428532",
      "name": "微信",
      "font_class": "weixin1",
      "unicode": "e62c",
      "unicode_decimal": 58924
    },
    {
      "icon_id": "5476987",
      "name": "微博",
      "font_class": "weibo1",
      "unicode": "e611",
      "unicode_decimal": 58897
    },
    {
      "icon_id": "10357731",
      "name": "支付宝",
      "font_class": "zhifubao1",
      "unicode": "e619",
      "unicode_decimal": 58905
    },
    {
      "icon_id": "1802227",
      "name": "微信",
      "font_class": "weixin",
      "unicode": "e600",
      "unicode_decimal": 58880
    },
    {
      "icon_id": "6977178",
      "name": "微博 (1)",
      "font_class": "weibo",
      "unicode": "e63b",
      "unicode_decimal": 58939
    },
    {
      "icon_id": "9084418",
      "name": "支付宝",
      "font_class": "zhifubao",
      "unicode": "e65a",
      "unicode_decimal": 58970
    },
    {
      "icon_id": "10142381",
      "name": "苹果",
      "font_class": "pingguo",
      "unicode": "e60c",
      "unicode_decimal": 58892
    },
    {
      "icon_id": "13761688",
      "name": "眼睛",
      "font_class": "yanjing",
      "unicode": "e616",
      "unicode_decimal": 58902
    }
  ]
}
