{
  "id": "2091423",
  "name": "font",
  "font_family": "iconfont",
  "css_prefix_text": "icon-",
  "description": "",
  "glyphs": [
    {
      "icon_id": "11167311",
      "name": "设 置",
      "font_class": "shezhi",
      "unicode": "e607",
      "unicode_decimal": 58887
    },
    {
      "icon_id": "11182566",
      "name": "货车",
      "font_class": "huoche",
      "unicode": "e606",
      "unicode_decimal": 58886
    },
    {
      "icon_id": "12816791",
      "name": "皇冠",
      "font_class": "huangguan",
      "unicode": "e65c",
      "unicode_decimal": 58972
    },
    {
      "icon_id": "15183839",
      "name": "商铺管理2备份",
      "font_class": "shangpuguanli2beifen",
      "unicode": "e60a",
      "unicode_decimal": 58890
    },
    {
      "icon_id": "17069201",
      "name": "扳手",
      "font_class": "banshou",
      "unicode": "e903",
      "unicode_decimal": 59651
    },
    {
      "icon_id": "210521",
      "name": "F码商品",
      "font_class": "fmashangpin",
      "unicode": "e655",
      "unicode_decimal": 58965
    },
    {
      "icon_id": "1649066",
      "name": "钱包",
      "font_class": "qianbao",
      "unicode": "e636",
      "unicode_decimal": 58934
    },
    {
      "icon_id": "2908423",
      "name": "礼品",
      "font_class": "lipin",
      "unicode": "e602",
      "unicode_decimal": 58882
    },
    {
      "icon_id": "3645154",
      "name": "服务中心",
      "font_class": "fuwuzhongxin",
      "unicode": "e63c",
      "unicode_decimal": 58940
    },
    {
      "icon_id": "8769217",
      "name": "向右",
      "font_class": "xiangyou",
      "unicode": "e63a",
      "unicode_decimal": 58938
    },
    {
      "icon_id": "9820214",
      "name": "钱包",
      "font_class": "qianbao1",
      "unicode": "e670",
      "unicode_decimal": 58992
    }
  ]
}
